pathology,ID1,APOE,IGHA1,IGKC,COL1A1,IGHG4,EEF2KMT,PRIMA1,FOLR2,ITM2C,LRRC75B,GAA,TSPY1,HTRA1,CCL21,THBS2,CDH11,COL1A2,IL1RL1,CD55,IFI6,ISG15,KRT19,MT1A,ANGPTL4,SERPINE1,TNFAIP3,SPP1,ADAMTS4,MT1M
PRES,0.0,0.0,0.0,0.0,0.0,0.0,0.0,0.0,0.0,0.0,0.0,0.0,0.0,0.0,0.0,0.0,0.0,0.0,0.28988704,0.0,0.0,0.0,0.0,0.0,0.0,0.0,0.0,0.0,0.0,0.0
EDAD,0.21421103,0.113556325,0.3282748,0.26269728,0.21782568,0.28353226,0.679088,0.7009585,0.49162266,0.4719156,0.46519035,0.56000644,0.51255274,0.4268155,0.45394453,0.46366498,0.32516214,0.36405802,1.0,1.0,1.0,1.0,1.0,1.0,1.0,1.0,1.0,1.0,1.0,1.0
MDAD,0.4143864,0.76609814,0.6983998,0.68749857,0.7643433,0.7899909,0.90174973,1.0,0.9528308,0.98983073,0.98925924,0.9266126,0.8961094,0.82159597,0.84653723,0.816836,0.92758256,0.8762092,0.7777224,0.5095031,0.6850529,0.57349366,0.9219325,0.77667224,0.7026915,0.73816997,0.7880135,0.88148206,0.8074944,0.8050488
ODAD,1.0,1.0,1.0,1.0,1.0,1.0,1.0,0.9416706,1.0,1.0,1.0,1.0,1.0,1.0,1.0,1.0,1.0,1.0,0.0,0.46323827,0.24809864,0.22685057,0.39681327,0.49845314,0.55847454,0.55930996,0.66217124,0.7370156,0.7716501,0.72526336
